canonical_factor_id,canonical_name,short_id,aliases,description,economic_logic,category,scope,created_at,updated_at
qkg:concept:0dab989b-7fcf-5501-bb05-5e71002fca25,Qlib IMAX feature family,F000050,[],Source-scoped factor family; membership does not assert formula equivalence.,,technical_price_volume,source_scoped_or_explicitly_reviewed_family,2026-09-25T12:03:09.101138+00:00,2026-09-25T12:03:09.101138+00:00
qkg:concept:0e18c229-b60a-5547-8f1a-4c60b186671e,Qlib CNTN feature family,F000053,[],Source-scoped factor family; membership does not assert formula equivalence.,,price_trend,source_scoped_or_explicitly_reviewed_family,2026-09-25T12:03:09.101138+00:00,2026-09-25T12:03:09.101138+00:00
qkg:concept:16a48fb5-a78d-53be-862e-5cb7448feb22,Qlib KUP2 feature family,F000085,[],Source-scoped factor family; membership does not assert formula equivalence.,,technical_price_volume,source_scoped_or_explicitly_reviewed_family,2026-09-25T12:03:09.101138+00:00,2026-09-25T12:03:09.101138+00:00
qkg:concept:22d7675c-bea1-5251-8d18-2b66637fde7e,Qlib SUMN feature family,F000131,[],Source-scoped factor family; membership does not assert formula equivalence.,,price_trend,source_scoped_or_explicitly_reviewed_family,2026-09-25T12:03:09.101138+00:00,2026-09-25T12:03:09.101138+00:00
qkg:concept:265a60df-2fdd-5534-a065-274684d06dbe,Qlib RANK feature family,F000147,[],Source-scoped factor family; membership does not assert formula equivalence.,,technical_price_volume,source_scoped_or_explicitly_reviewed_family,2026-09-25T12:03:09.101138+00:00,2026-09-25T12:03:09.101138+00:00
qkg:concept:276e3781-707f-523d-bd85-c1c3394deec6,Qlib KSFT feature family,F000151,[],Source-scoped factor family; membership does not assert formula equivalence.,,technical_price_volume,source_scoped_or_explicitly_reviewed_family,2026-09-25T12:03:09.101138+00:00,2026-09-25T12:03:09.101138+00:00
qkg:concept:280b1b61-df9b-5d1d-ac23-4cd2f0cc1a47,Qlib MIN feature family,F000153,[],Source-scoped factor family; membership does not assert formula equivalence.,,technical_price_volume,source_scoped_or_explicitly_reviewed_family,2026-09-25T12:03:09.101138+00:00,2026-09-25T12:03:09.101138+00:00
qkg:concept:2d338495-a920-5e24-bffd-73dbef604776,Qlib QTLD feature family,F000174,[],Source-scoped factor family; membership does not assert formula equivalence.,,technical_price_volume,source_scoped_or_explicitly_reviewed_family,2026-09-25T12:03:09.101138+00:00,2026-09-25T12:03:09.101138+00:00
qkg:concept:365d726b-bfad-58d7-93ad-1f47cf237263,Qlib VWAP feature family,F000207,[],Source-scoped factor family; membership does not assert formula equivalence.,,technical_price_volume,source_scoped_or_explicitly_reviewed_family,2026-09-25T12:03:09.101138+00:00,2026-09-25T12:03:09.101138+00:00
qkg:concept:439bc008-c593-5248-b6d6-7dd88fc3652c,Qlib VOLUME feature family,F000246,[],Source-scoped factor family; membership does not assert formula equivalence.,,technical_price_volume,source_scoped_or_explicitly_reviewed_family,2026-09-25T12:03:09.101138+00:00,2026-09-25T12:03:09.101138+00:00
qkg:concept:4cf538ad-1c38-5445-b78c-23f45bceaebb,Qlib HIGH feature family,F000289,[],Source-scoped factor family; membership does not assert formula equivalence.,,technical_price_volume,source_scoped_or_explicitly_reviewed_family,2026-09-25T12:03:09.101138+00:00,2026-09-25T12:03:09.101138+00:00
qkg:concept:52dc62ca-5b92-5854-b2fb-d8d3538c1faf,Qlib IMXD feature family,F000323,[],Source-scoped factor family; membership does not assert formula equivalence.,,technical_price_volume,source_scoped_or_explicitly_reviewed_family,2026-09-25T12:03:09.101138+00:00,2026-09-25T12:03:09.101138+00:00
qkg:concept:5ded4c1f-739f-5bd9-98e2-ec49173796dd,Qlib IMIN feature family,F000364,[],Source-scoped factor family; membership does not assert formula equivalence.,,technical_price_volume,source_scoped_or_explicitly_reviewed_family,2026-09-25T12:03:09.101138+00:00,2026-09-25T12:03:09.101138+00:00
qkg:concept:64fe0bc7-97b3-5bc8-b987-1b1c9ff60f27,Qlib MA feature family,F000393,[],Source-scoped factor family; membership does not assert formula equivalence.,,price_trend,source_scoped_or_explicitly_reviewed_family,2026-09-25T12:03:09.101138+00:00,2026-09-25T12:03:09.101138+00:00
qkg:concept:6586b865-d4c8-5f5e-bf02-bf5ffb0c12e5,Qlib KLOW feature family,F000400,[],Source-scoped factor family; membership does not assert formula equivalence.,,technical_price_volume,source_scoped_or_explicitly_reviewed_family,2026-09-25T12:03:09.101138+00:00,2026-09-25T12:03:09.101138+00:00
qkg:concept:7365e512-0571-5d09-9a61-e6969daa0ebc,Qlib KLOW2 feature family,F000451,[],Source-scoped factor family; membership does not assert formula equivalence.,,technical_price_volume,source_scoped_or_explicitly_reviewed_family,2026-09-25T12:03:09.101138+00:00,2026-09-25T12:03:09.101138+00:00
qkg:concept:7bdf6e29-8999-5b68-a461-be00547a8a68,Qlib RESI feature family,F000493,[],Source-scoped factor family; membership does not assert formula equivalence.,,price_trend,source_scoped_or_explicitly_reviewed_family,2026-09-25T12:03:09.101138+00:00,2026-09-25T12:03:09.101138+00:00
qkg:concept:813faeaa-3648-5065-9bf2-817e5a1504a5,Qlib KMID feature family,F000518,[],Source-scoped factor family; membership does not assert formula equivalence.,,technical_price_volume,source_scoped_or_explicitly_reviewed_family,2026-09-25T12:03:09.101138+00:00,2026-09-25T12:03:09.101138+00:00
qkg:concept:88810341-ed11-5b99-ad69-b29c5d0e6430,Qlib CNTD feature family,F000555,[],Source-scoped factor family; membership does not assert formula equivalence.,,price_trend,source_scoped_or_explicitly_reviewed_family,2026-09-25T12:03:09.101138+00:00,2026-09-25T12:03:09.101138+00:00
qkg:concept:88d77c86-760d-51d4-8b71-7d770b9be573,Qlib VSTD feature family,F000559,[],Source-scoped factor family; membership does not assert formula equivalence.,,technical_price_volume,source_scoped_or_explicitly_reviewed_family,2026-09-25T12:03:09.101138+00:00,2026-09-25T12:03:09.101138+00:00
qkg:concept:89aefaf2-e448-51b4-8c45-b6c3dfc6e749,Qlib SUMP feature family,F000562,[],Source-scoped factor family; membership does not assert formula equivalence.,,price_trend,source_scoped_or_explicitly_reviewed_family,2026-09-25T12:03:09.101138+00:00,2026-09-25T12:03:09.101138+00:00
qkg:concept:8b680f2c-1c0b-5258-a4be-4a053793f7e9,Qlib CNTP feature family,F000567,[],Source-scoped factor family; membership does not assert formula equivalence.,,price_trend,source_scoped_or_explicitly_reviewed_family,2026-09-25T12:03:09.101138+00:00,2026-09-25T12:03:09.101138+00:00
qkg:concept:8c73df32-c2a6-500a-9926-710a1ed5496d,Qlib LOW feature family,F000573,[],Source-scoped factor family; membership does not assert formula equivalence.,,technical_price_volume,source_scoped_or_explicitly_reviewed_family,2026-09-25T12:03:09.101138+00:00,2026-09-25T12:03:09.101138+00:00
qkg:concept:90a90271-7bde-5323-a7a6-5dbad8745078,Qlib CORD feature family,F000597,[],Source-scoped factor family; membership does not assert formula equivalence.,,technical_price_volume,source_scoped_or_explicitly_reviewed_family,2026-09-25T12:03:09.101138+00:00,2026-09-25T12:03:09.101138+00:00
qkg:concept:99de4b93-7501-5264-aea6-dfa9984d6cef,Qlib KLEN feature family,F000643,[],Source-scoped factor family; membership does not assert formula equivalence.,,technical_price_volume,source_scoped_or_explicitly_reviewed_family,2026-09-25T12:03:09.101138+00:00,2026-09-25T12:03:09.101138+00:00
qkg:concept:aac932b4-8e89-518f-bf5b-eecd4639d3c3,Qlib VSUMD feature family,F000707,[],Source-scoped factor family; membership does not assert formula equivalence.,,technical_price_volume,source_scoped_or_explicitly_reviewed_family,2026-09-25T12:03:09.101138+00:00,2026-09-25T12:03:09.101138+00:00
qkg:concept:aae64582-28dd-5ac8-bc59-0e71b4cc30af,Qlib VSUMP feature family,F000709,[],Source-scoped factor family; membership does not assert formula equivalence.,,technical_price_volume,source_scoped_or_explicitly_reviewed_family,2026-09-25T12:03:09.101138+00:00,2026-09-25T12:03:09.101138+00:00
qkg:concept:abe86667-46d9-51f6-9742-f6c6c09f3768,Qlib KMID2 feature family,F000717,[],Source-scoped factor family; membership does not assert formula equivalence.,,technical_price_volume,source_scoped_or_explicitly_reviewed_family,2026-09-25T12:03:09.101138+00:00,2026-09-25T12:03:09.101138+00:00
qkg:concept:b54447f2-9459-58cb-a898-6d14185e5840,Qlib lag_close_ratio feature family,F000752,[],Source-scoped factor family; membership does not assert formula equivalence.,,momentum,source_scoped_or_explicitly_reviewed_family,2026-09-25T12:03:09.101138+00:00,2026-09-25T12:03:09.101138+00:00
qkg:concept:b8583c68-4e4d-5621-a902-441e6327dde3,Qlib RSQR feature family,F000768,[],Source-scoped factor family; membership does not assert formula equivalence.,,price_trend,source_scoped_or_explicitly_reviewed_family,2026-09-25T12:03:09.101138+00:00,2026-09-25T12:03:09.101138+00:00
qkg:concept:d2dec4fc-2211-5aff-ae7d-d3838dae5ebf,Qlib MAX feature family,F000878,[],Source-scoped factor family; membership does not assert formula equivalence.,,technical_price_volume,source_scoped_or_explicitly_reviewed_family,2026-09-25T12:03:09.101138+00:00,2026-09-25T12:03:09.101138+00:00
qkg:concept:d581e7a8-793e-5852-9e62-db5ce30d7a7a,Qlib QTLU feature family,F000889,[],Source-scoped factor family; membership does not assert formula equivalence.,,technical_price_volume,source_scoped_or_explicitly_reviewed_family,2026-09-25T12:03:09.101138+00:00,2026-09-25T12:03:09.101138+00:00
qkg:concept:d893330f-f23c-5fd9-8715-33867e36b621,Qlib VSUMN feature family,F000901,[],Source-scoped factor family; membership does not assert formula equivalence.,,technical_price_volume,source_scoped_or_explicitly_reviewed_family,2026-09-25T12:03:09.101138+00:00,2026-09-25T12:03:09.101138+00:00
qkg:concept:e480a72d-4d20-5329-ae4e-e0ff65dceb2b,Qlib VMA feature family,F000951,[],Source-scoped factor family; membership does not assert formula equivalence.,,technical_price_volume,source_scoped_or_explicitly_reviewed_family,2026-09-25T12:03:09.101138+00:00,2026-09-25T12:03:09.101138+00:00
qkg:concept:e815d187-407d-53d4-b8e3-aa50e7e5df53,Qlib STD feature family,F000963,[],Source-scoped factor family; membership does not assert formula equivalence.,,volatility,source_scoped_or_explicitly_reviewed_family,2026-09-25T12:03:09.101138+00:00,2026-09-25T12:03:09.101138+00:00
qkg:concept:e9a7f506-7531-502e-88c0-f491439d8b0c,Qlib RSV feature family,F000975,[],Source-scoped factor family; membership does not assert formula equivalence.,,price_trend,source_scoped_or_explicitly_reviewed_family,2026-09-25T12:03:09.101138+00:00,2026-09-25T12:03:09.101138+00:00
qkg:concept:eacf7f97-f331-5175-ac3e-de810d00b8b8,Qlib WVMA feature family,F000982,[],Source-scoped factor family; membership does not assert formula equivalence.,,volatility,source_scoped_or_explicitly_reviewed_family,2026-09-25T12:03:09.101138+00:00,2026-09-25T12:03:09.101138+00:00
qkg:concept:eb6c6200-badd-5b0d-b467-0fa3e952b859,Qlib OPEN feature family,F000986,[],Source-scoped factor family; membership does not assert formula equivalence.,,technical_price_volume,source_scoped_or_explicitly_reviewed_family,2026-09-25T12:03:09.101138+00:00,2026-09-25T12:03:09.101138+00:00
qkg:concept:f50b99de-6099-54af-b10a-3654d1100297,Qlib KSFT2 feature family,F001023,[],Source-scoped factor family; membership does not assert formula equivalence.,,technical_price_volume,source_scoped_or_explicitly_reviewed_family,2026-09-25T12:03:09.101138+00:00,2026-09-25T12:03:09.101138+00:00
qkg:concept:fc79d9e3-fe6e-50f7-90ee-ac590ecae224,Qlib KUP feature family,F001062,[],Source-scoped factor family; membership does not assert formula equivalence.,,technical_price_volume,source_scoped_or_explicitly_reviewed_family,2026-09-25T12:03:09.101138+00:00,2026-09-25T12:03:09.101138+00:00
qkg:concept:fced95f6-05c1-5e02-a861-9354d3a2294e,Qlib SUMD feature family,F001066,[],Source-scoped factor family; membership does not assert formula equivalence.,,price_trend,source_scoped_or_explicitly_reviewed_family,2026-09-25T12:03:09.101138+00:00,2026-09-25T12:03:09.101138+00:00
qkg:concept:fdbe98e3-0250-5abc-b53a-994e094f0791,Qlib BETA feature family,F001072,[],Source-scoped factor family; membership does not assert formula equivalence.,,price_trend,source_scoped_or_explicitly_reviewed_family,2026-09-25T12:03:09.101138+00:00,2026-09-25T12:03:09.101138+00:00
qkg:concept:fe6123e4-d621-51f8-ad90-81e6183b7402,Qlib CORR feature family,F001077,[],Source-scoped factor family; membership does not assert formula equivalence.,,technical_price_volume,source_scoped_or_explicitly_reviewed_family,2026-09-25T12:03:09.101138+00:00,2026-09-25T12:03:09.101138+00:00
